{"car": [0.13229867898585151, 0.13298637554125514, 0.03014237827852834, 1.0921432739251056, 0.12272479355469725, 0.02549903042604521, 0.025540407210665476, 0.9677568018604673, 0.02885084185728662, 0.002651803677989753, 0.005059830252383815], "bus": [0.42355386174062987, 0.3141402629078929, 0.08249009989542119, 0.3000181851942752, 1.7373184112922764, 0.07736426327319129, 0.1721326050562191, 0.44879879723219224, 0.7673595228253839, 0.010114345710586314, 0.02161614183022454], "trailer": [1.3465580829882036, 0.9260985596181099, 0.11314823963007234, 2.376284703816687, 6.373536245776802, 0.09095251427457883, 0.18468803348683818, 1.2529295302034327, 2.468747660484342, 0.01717598189125421, 0.030850007920258302], "truck": [0.5516504398782228, 0.4675742527157566, 0.07500328103807087, 0.7416872984807346, 2.9900705602614592, 0.07378956365295648, 0.1337995665236568, 0.6938816408705125, 0.6522417598094521, 0.013942829806236056, 0.043840126828934664], "pedestrian": [0.015595318415849657, 0.015254350125706072, 0.02431479610590615, 2.3487180378632084, 0.02737141060708, 0.014455647727977044, 0.022241645310791848, 1.8500478859214176, 0.00224644525842204, 0.0009315424369724342, 0.003063494612761118], "bicycle": [0.03455383062870572, 0.04273613942664421, 0.024016224517168294, 1.933774804760984, 0.05629289156871364, 0.07684256710295545, 0.023080844137459724, 1.7953469253699785, 0.006493712390257652, 0.002506046953794199, 0.004144969516606534], "motorcycle": [0.060124654299961125, 0.05592336916913359, 0.027551459305026622, 2.1098886775479553, 0.0678080582011319, 0.01921051617905852, 0.020570868920912234, 2.0689876902531594, 0.01684798201092495, 0.0031141989074634294, 0.005897434755628867]}