{
    "car": [
        0.06950787434374385,
        0.05234518509326487,
        0.006451649958127816,
        0.0712580429854142,
        0,
        0,
        0,
        0.06950787434374385,
        0.05234518509326487,
        0.006451649958127816,
        0.0712580429854142
    ],
    "bus": [
        0.0939730632017761,
        0.08254877375352315,
        0.009770317537293802,
        0.16197323806083577,
        0,
        0,
        0,
        0.0939730632017761,
        0.08254877375352315,
        0.009770317537293802,
        0.16197323806083577
    ],
    "trailer": [
        0.05764864219434461,
        0.05596548549601519,
        0.01008144501797769,
        0.17044202784708143,
        0,
        0,
        0,
        0.05764864219434461,
        0.05596548549601519,
        0.01008144501797769,
        0.17044202784708143
    ],
    "truck": [
        0.06159869257608988,
        0.046139183758875414,
        0.00791785617851187,
        0.0697036599265805,
        0,
        0,
        0,
        0.06159869257608988,
        0.046139183758875414,
        0.00791785617851187,
        0.0697036599265805
    ],
    "pedestrian": [
        0.0094022569386797,
        0.014231648906371207,
        0.006019425117486568,
        0.411340251790755,
        0,
        0,
        0,
        0.0094022569386797,
        0.014231648906371207,
        0.006019425117486568,
        0.411340251790755
    ],
    "bicycle": [
        0.013729576520156354,
        0.0221452927637521,
        0.004124473133518465,
        0.030174661835136958,
        0,
        0,
        0,
        0.013729576520156354,
        0.0221452927637521,
        0.004124473133518465,
        0.030174661835136958
    ],
    "motorcycle": [
        0.03919774827521521,
        0.036952481875539886,
        0.00577461708799791,
        0.19691381882191766,
        0,
        0,
        0,
        0.03919774827521521,
        0.036952481875539886,
        0.00577461708799791,
        0.19691381882191766
    ]
}