{"car": [0.13229867898585151, 0.13298637554125514, 0.03014237827852834, 1.0921432739251056, 0.12272479355469725, 0.02549903042604521, 0.025540407210665476], "bus": [0.42355386174062987, 0.3141402629078929, 0.08249009989542119, 0.3000181851942752, 1.7373184112922764, 0.07736426327319129, 0.1721326050562191], "trailer": [1.3465580829882036, 0.9260985596181099, 0.11314823963007234, 2.376284703816687, 6.373536245776802, 0.09095251427457883, 0.18468803348683818], "truck": [0.5516504398782228, 0.4675742527157566, 0.07500328103807087, 0.7416872984807346, 2.9900705602614592, 0.07378956365295648, 0.1337995665236568], "pedestrian": [0.015595318415849657, 0.015254350125706072, 0.02431479610590615, 2.3487180378632084, 0.02737141060708, 0.014455647727977044, 0.022241645310791848], "bicycle": [0.03455383062870572, 0.04273613942664421, 0.024016224517168294, 1.933774804760984, 0.05629289156871364, 0.07684256710295545, 0.023080844137459724], "motorcycle": [0.060124654299961125, 0.05592336916913359, 0.027551459305026622, 2.1098886775479553, 0.0678080582011319, 0.01921051617905852, 0.020570868920912234]}