{
    "vehicle": [
        0.00032687210512137127,
        0.00043758132052251026,
        1.9363288291157085e-05,
        0.0496410287643024,
        0,
        0,
        0,
        0.00032687210512137127,
        0.00043758132052251026,
        1.9363288291157085e-05,
        0.0496410287643024
    ],
    "pedestrian": [
        0.00010321836506381852,
        9.250133428079208e-05,
        2.7500693182512598e-05,
        0.1546243582715658,
        0,
        0,
        0,
        0.00010321836506381852,
        9.250133428079208e-05,
        2.7500693182512598e-05,
        0.1546243582715658
    ],
    "cyclist": [
        0.000534881242535974,
        0.0003588945078137524,
        8.147943593754713e-05,
        0.2356482198296586,
        0,
        0,
        0,
        0.000534881242535974,
        0.0003588945078137524,
        8.147943593754713e-05,
        0.2356482198296586
    ]
}