{
    "vehicle": [
        0.013188840164109874,
        0.009775228773518404,
        0.0005075824621970631,
        0.18318149162861783,
        0,
        0,
        0,
        0.013188840164109874,
        0.009775228773518404,
        0.0005075824621970631,
        0.18318149162861783
    ],
    "pedestrian": [
        0.003778867532477794,
        0.003403949193245559,
        0.0006337674006936661,
        0.6610089021962462,
        0,
        0,
        0,
        0.003778867532477794,
        0.003403949193245559,
        0.0006337674006936661,
        0.6610089021962462
    ],
    "cyclist": [
        0.017002678321820022,
        0.00998988142767052,
        0.0013769979598529313,
        1.065472619738453,
        0,
        0,
        0,
        0.017002678321820022,
        0.00998988142767052,
        0.0013769979598529313,
        1.065472619738453
    ]
}