{
    "vehicle": [
        0.08220189204095953,
        0.07515805413157568,
        0.017755010688568704,
        1.239628816991671,
        0.3007698406908743,
        0.026773950992254197,
        0.03544251981751916
    ],
    "pedestrian": [
        0.009379676429150306,
        0.009203398107291606,
        0.00990217031093357,
        1.8767137029424248,
        0.0257653819061143,
        0.019136077905896488,
        0.020842688695950178
    ],
    "cyclist": [
        0.013043544307627063,
        0.01290545860714037,
        0.0058966372676768014,
        0.9520424497203401,
        0.04331851278829518,
        0.015923476081438202,
        0.01437686839510169
    ]
}