{
    "vehicle": [
        0.08277033341772615,
        0.07490589668717956,
        0.01779705078188515,
        1.2463168511668956,
        0.30462088441139856,
        0.02691448292673129,
        0.0357075994796911
    ],
    "pedestrian": [
        0.009422346308687176,
        0.009200927608209569,
        0.009873936649392628,
        1.8766942979124606,
        0.025592447885494567,
        0.01908227486638152,
        0.020827592992220104
    ],
    "cyclist": [
        0.012195611651077775,
        0.012937444766792351,
        0.005812549867182923,
        1.0030598372992217,
        0.04642162914305785,
        0.016102483417302693,
        0.014544970050264006
    ]
}